,봄,여름,가을,겨울,sum,avg
2012,265.5,365.5,265.5,165.5,1062.0,265.5
2013,264.3,364.3,264.3,164.3,1057.2,264.3
2014,215.9,315.9,215.9,115.9,863.5999999999999,215.89999999999998
2015,223.2,323.2,223.2,123.2,892.8,223.2
2016,312.8,312.8,312.8,112.8,1051.2,262.8
